Headline,Link,Dem,Rep,Combined,url,score,quality_quality_sources_score,quality_self_promotion_score,quality_diversity_sources_score,quality_quotes_score,quality_quotes_score,quality_source_credibility_score,quality_author_history_score,quality_opinion_score
f_21  thousand  dead  people  registered  on  pennsylvania  voter  rolls.jpg,https://www.drewberquist.com/2020/11/21000-dead-people-registered-on-pennsylvanias-voter-rolls/,3.21,4.74,3.975,,,,,,,,,,
f_21cir-pentagon-study-flu-shot.jpeg,https://www.21cir.com,2.53,3.02,2.775,,,,,,,,,,
f_Alex  Jones  stops  illegal  smuggling  of  kids.png,https://www.thegatewaypundit.com/2021/04/watch-alex-jones-physically-stops-vehicle-witnessing-migrant-children-stuffed-luggage-compartment/,3.2,3.86,3.53,,,,,,,,,,
f_aoc  9-11  not  a  big  deal.jpg,https://dailyworldupdate.us/nobig/,2.7,4.02,3.36,,,,,,,,,,
f_are  you  on  trumps  kill  list  stickers  on  mailbox.jpg,http://now8news.com/donald-trumps-kill-list-stickers-mailbox-will-determine-fate/,2.67,2.02,2.345,,,,,,,,,,
f_australia  forcefully  vaccinating  24k  kids.png,https://dailyexpose.uk/2021/08/17/australia-minister-for-health-tells-parents-24000-children-will-be-herded-into-stadium-like-cattle-to-get-covid-vaccine/,2.93,3.33,3.13,,,,,,,,,,
f_ballots  shredded  in  Maricopa  county.png,https://www.thegatewaypundit.com/2021/03/breaking-exclusive-ballots-arizonas-maricopa-county-found-shredded-dumpster-days-senate-audit-begin/,3.71,3.84,3.775,,,,,,,,,,
f_Bannon  beheading  FBI  director.png,https://dailysoundandfury.com/bannon-twitter-account-suspended-for-advocating-beheading-fbi-director-and-white-house-pandemic-advisor/,3.7,2.91,3.305,,,,,,,,,,
f_Biden  Buys  film  right  to  piss  off  Trump.png,https://www.flake.news/now/2020/12/07/biden-buys-film-rights,2.25,2.29,2.27,,,,,,,,,,
f_biden  lookalike  tried  to  get  free  meals.jpg,https://worldnewsdailyreport.com/joe-biden-lookalike-tried-to-get-free-meals-at-mcdonalds-while-impersonating-newly-elected-president/,3.2,2.8,3.0,,,,,,,,,,
f_Biden  renames  white  house.png,https://www.thewichitaword.com/post/joe-biden-signs-executive-order-to-change-white-house-to-something-less-racially-offensive,3.0,2.8,2.9,,,,,,,,,,
f_Biden  to  hire  servPro  for  white  house  restoration.png,https://thedailynooze.com/2020/09/21/biden-to-hire-servpro-for-white-house-restoration-work/,3.62,3.26,3.44,,,,,,,,,,
f_Biden  to  put  unvaccinated  in  camps.png,https://thestonkmarket.com/president-joe-biden-announces-americans-not-vaccinated-before-2022-will-be-put-in-camps/,1.94,2.31,2.125,,,,,,,,,,
f_bitchute-nasal-swab.png,https://www.bitchute.com/video/BiAm37Kt74dB/,2.86,2.1,2.48,,,,,,,,,,
f_bitchute-report-vaccine-deaths.png,https://www.bitchute.com/video/xXwrrfdthQij/,2.94,3.1,3.02,,,,,,,,,,
f_british  pilots  die  of  COVID  vaccine.png,https://greatreject.org/british-airways-pilots-died-covid-vaccine/,3.6,3.55,3.575,,,,,,,,,,
f_California  excess  voters.png,https://californiaglobe.com/articles/bombshell-california-has-1-8m-more-registered-voters-than-it-should/,2.87,3.42,3.145,,,,,,,,,,
f_cassingram-vaccines-gmo-death.png,https://cassingram.com/covid-19-shots-cause-death-and-disease-in-the-unvaccinated/,2.19,3.27,2.73,,,,,,,,,,
f_cloverchronicle-gates-vaccine-kill.png,https://cloverchronicle.com/2020/04/30/watch-bill-gates-admits-his-covid-19-vaccine-might-kill-nearly-1000000-people/,3.0,3.11,3.055,,,,,,,,,,
f_court  orders  tiger  woods  to  take  137  paternity  tests.jpg,https://worldnewsdailyreport.com/court-orders-tiger-woods-to-take-137-paternity-tests/,2.71,2.79,2.75,,,,,,,,,,
f_cuomo  coming  out  as  bisexual  for  cabinet  position.jpg,https://buffalochronicle.com/2020/11/29/source-cuomo-is-willing-to-come-out-as-bisexual-for-a-cabinet-position/,3.05,2.93,2.99,,,,,,,,,,
f_death  row  inmate  demands  to  be  served  a  live  cat  as  last  meal.jpg,https://worldnewsdailyreport.com/death-row-inmate-demands-to-be-served-a-live-cat-as-his-last-meal/,2.78,2.38,2.58,,,,,,,,,,
f_delaware  judge  rules  that  baby  yoda  affair  doesnt  count.jpg,https://worldnewsdailyreport.com/delaware-judge-rules-that-mans-affair-with-baby-yoda-doll-doesnt-classify-as-adultery/,2.62,2.64,2.63,,,,,,,,,,
f_democrats  stole  votes.png,https://www.thegatewaypundit.com/2021/10/democrats-reveal-big-clue-big-steal-operatives-manufactured-votes-low-income-voters-steal-battleground-states-start-canvassing/,3.43,3.43,3.43,,,,,,,,,,
f_derek  chauvin  suicide  in  prison.png,https://w24n.com/minneapolis-police-officer-who-killed-george-floyd-derek-chauvin-commits-suicide-in-prison-cell/,4.4,4.07,4.235,,,,,,,,,,
f_DOJ  to  investigate  people  chanting  F  Biden.png,https://dogfaceponia.com/merrick-garland-announces-doj-will-investigate-people-chanting-f-biden/,3.63,3.27,3.45,,,,,,,,,,
f_dominion  software  deleted  over  2  million  votes.jpg,https://www.distributednews.com/473962.html,3.21,3.76,3.485,,,,,,,,,,
f_euthanize  senior  citizens.png,https://dailyworldupdate.us/democrats-introduce-bill-to-euthanize-seniors-to-save-social-security/,3.03,2.76,2.895,,,,,,,,,,
f_eutimes-uk-pathologist-warns-spike.png,https://www.eutimes.net/2021/05/uk-pathologist-warns-spike-proteins-will-cause-all-men-to-lose-their-reproductive-capacity/,2.98,2.68,2.83,,,,,,,,,,
f_farsnews-civil-defense-chief.jpg,https://www.farsnews.ir/en/news/13981213000410/Civil-Defense-Chief-Crnavirs-Likely-Bilgical-Aack-agains-China-Iran,2.83,3.44,3.135,,,,,,,,,,
f_Fauci  planning  new  virus.png,https://www.thegatewaypundit.com/2021/10/explosive-video-emerges-fauci-hhs-officials-plotting-new-avian-flu-virus-enforce-universal-flu-vaccination-video/,2.76,3.22,2.99,,,,,,,,,,
f_fbi  behind  jan  6  riot.png,https://tatumreport.com/evidence-surfaces-fbi-planned-executed-january-6-capitol-riot/,3.25,3.11,3.18,,,,,,,,,,
f_fbi  investigating  whether  trump  spent  3  million  buying  votes.jpg,https://www.pastichepost.com/wisconsin-recount/?amp,3.72,2.36,3.04,,,,,,,,,,
f_flynn  exposes  raid  of  cia  vote  hacking  facility  in  germany.jpg,https://yournewswire.com/gen-flynn-exposes-raid-of-vote-hacking-cia-facility-in-germany-they-committed-treason/,3.13,3.29,3.21,,,,,,,,,,
f_Giuliani  offers  legal  services  in  exchange  for  pardon.png,https://thedailynooze.com/2020/12/02/in-exchange-for-pardon-giuliani-offers-lifetime-of-legal-services/,3.02,2.62,2.82,,,,,,,,,,
f_Giuliani_mypillow_pitchman.png,https://thedailynooze.com/2021/06/27/giuliani-prepares-for-new-role-as-mypillow-pitchman/,3.58,2.71,3.145,,,,,,,,,,
f_healthimpactnews-7-billion-vaccine.png,https://healthimpactnews.com/2020/7-billion-doses-of-covid-19-vaccine-for-worlds-population-of-7-billion-was-this-the-plan-all-along/,3.14,4.1,3.62,,,,,,,,,,
f_healthimpactnews-death-by-injection.jpeg,https://healthimpactnews.com/2021/181-dead-in-the-u-s-during-2-week-period-from-experimental-covid-injections-how-long-will-we-continue-to-allow-mass-murder-by-lethal-injection/,2.79,3.08,2.935,,,,,,,,,,
f_how  a  philly  mob  boss  stole  the  election.jpg,https://buffalochronicle.com/2020/11/14/exclusive-how-a-philly-mob-boss-stole-the-election-and-why-he-may-flip-on-joe-biden/,2.92,3.58,3.25,,,,,,,,,,
f_impeach  Pelosi.png,https://dailyworldupdate.us/governors-conference-votes-32-18-to-impeach-nancy-pelosi/,3.22,3.26,3.24,,,,,,,,,,
f_infowars-pseudoscience-vaccines.png,https://www.infowars.com/the-pseudoscience-of-vaccines-big-pharmas-final-solution/,3.05,3.69,3.37,,,,,,,,,,
f_infowars-unvaccinated-women-claim.png,https://www.infowars.com/posts/disturbing-unvaccinated-women-claim-unusual-menstrual-cycles-miscarriages-after-being-near-recently-vaccinated-individuals/?fbclid=IwAR2pAvJ0V8q19rsdYmsSS9fBTt-_s8HrPIyS0TP8U0zfUQqQs7daKAtoE8g,2.85,2.78,2.815,,,,,,,,,,
f_intellihub-toxic-vaccine.png,https://naturalnews.com/2020-01-13-un-health-experts-admit-toxic-vaccine-ingredients-are-harming-children-worldwide-transcript.html,3.29,3.15,3.22,,,,,,,,,,
f_Kamala  military  are  cowards.png,https://dailyworldupdate.us/zombie-marine-corps/,2.2,3.09,2.645,,,,,,,,,,
f_legal  battle  expected  over  will  left  to  sitcom  character  alf.jpg,https://worldnewsdailyreport.com/legal-battle-expected-over-a-96-year-old-ladys-will-after-she-bequeaths-75m-to-sitcom-character-alf/,2.78,3.23,3.005,,,,,,,,,,
f_lifesitenews-asymptomatic.png,https://www.lifesitenews.com/news/asymptomatic-transmission-of-covid-19-didnt-occur-at-all-study-of-10-million-finds/,2.77,3.26,3.015,https://www.lifesitenews.com/news/asymptomatic-transmission-of-covid-19-didnt-occur-at-all-study-of-10-million-finds/,75.0,0.875,1.0,1.0,1.0,1.0,0.5,0.71,0.75
f_lifesitenews-shed-spike-protein.png,https://www.lifesitenews.com/news/americas-frontline-doctors-covid-vaccinated-can-shed-spike-protein-harming-unvaccinated/,2.89,3.47,3.18,https://www.lifesitenews.com/news/americas-frontline-doctors-covid-vaccinated-can-shed-spike-protein-harming-unvaccinated/,67.0,0.6818181818181818,0.5,1.0,1.0,1.0,0.5,0.71,0.47
f_male  stripper  shot  5  times  after  showing  up  in  cop  costume.jpg,https://worldnewsdailyreport.com/male-stripper-shot-5-times-after-showing-up-at-a-gang-hideout-by-mistake-in-a-cop-costume/,3.24,2.86,3.05,,,,,,,,,,
f_Malia  Obama  jailed.png,https://dailyworldupdate.us/malia-obama-arrest/,2.44,3.61,3.025,,,,,,,,,,
f_mcconnell  to  cosponsor  bill  aimed  at  restricting  voting  rights  to  landowners.jpg,https://realnewsrightnow.com/2020/12/mcconnell-to-co-sponsor-bill-aimed-at-restricting-voting-rights-to-landowners/,3.53,2.79,3.16,,,,,,,,,,
f_McConnell  ups  Ventriloquism  game.png,https://www.flake.news/now/2020/11/09/mcconnell-ups,2.69,2.9,2.795,,,,,,,,,,
f_michelle  obama  thinks  she  deserves  supreme  court.jpg,https://dailyworldupdate.us/obamas-on-scotus/,3.25,3.26,3.255,,,,,,,,,,
f_miller  voted  trump  admins  sexiest  man.jpg,https://halfwaypost.com/2020/11/28/stephen-miller-voted-trump-administrations-sexiest-man/,2.97,2.43,2.7,,,,,,,,,,
f_more  proof  postal  workers  busted  dumping  mail.jpg,https://americasfreedomfighters.com/postal-worker/,3.75,4.07,3.91,,,,,,,,,,
f_nationalfile-report-pfizer-vaccine.png,https://nationalfile.com/report-pfizer-vaccine-confirmed-to-cause-neurodegenerative-diseases/,2.95,3.24,3.095,,,,,,,,,,
f_new  evidence  dominion  voting  software  was  used  by  china  to  rig  election.jpg,https://yournewswire.com/bombshell-new-evidence-dominion-voting-software-was-used-by-china-to-rig-election-for-democrats/,3.1,3.43,3.265,,,,,,,,,,
f_nj  brother  and  sister  allowed  to  marry.jpg,https://worldnewsdailyreport.com/new-jersey-brother-and-sister-allowed-to-marry-after-10-year-long-court-battle/,3.07,3.23,3.15,,,,,,,,,,
f_Norway  reclassifies  covid  as  common  flu.png,https://www.world-today-news.com/norway-has-reclassified-covid-19-as-a-common-flu/,2.92,3.57,3.245,,,,,,,,,,
f_Obama  foundation  owns  82   mail-in  ballot  printers.png,https://obamawatcher.com/2020/06/cheatin/,3.17,3.09,3.13,,,,,,,,,,
f_obama  i  already  made  america  great.jpg,https://dailyworldupdate.us/obama-made-america-great/,3.67,3.26,3.465,,,,,,,,,,
f_omar  spits  on  the  tomb  of  the  unknown  soldier.jpg,https://tatersgonnatate.com/spitters-are-quitters/,2.78,3.0,2.89,,,,,,,,,,
f_orthospinenews-us-hospitals-paid.jpeg,https://orthospinenews.com/2020/04/27/us-hospitals-getting-paid-more-to-label-cause-of-death-as-coronavirus/,3.3,4.4,3.85,,,,,,,,,,
f_pelosi  files  to  have  trump  tried  before  un  court.jpg,https://dailyworldupdate.us/untrial/,3.16,3.58,3.37,,,,,,,,,,
f_pence  regrets  that  trump  didnt  do  more  to  reverse  gay  agenda.jpg,https://halfwaypost.com/2020/11/30/mike-pence-regrets-that-trump-didnt-do-more-to-reverse-territorial-gains-made-by-the-gay-agenda/,3.41,3.26,3.335,,,,,,,,,,
f_police  told  to  investigate  thousands  of  fake  biden  votes.jpg,https://yournewswire.com/police-told-to-investigate-thousands-of-fake-biden-votes-found-at-wisconsin/,2.85,4.34,3.595,,,,,,,,,,
f_Portland  bans  public  urinals.png,https://www.thegatewaypundit.com/2019/09/portland-bans-urinals-in-public-buildings/,2.91,3.11,3.01,,,,,,,,,,
f_portland  to  allow  furries  to  defecate  mate  in  dog  parks.jpg,https://realnewsrightnow.com/2016/05/portland-city-council-votes-to-allow-furries-to-defecate-mate-in-dog-parks/,2.63,2.3,2.465,,,,,,,,,,
f_potatriotsunite-clinton-medical-supply.jpg,https://potatriotsunite.com/clinton-owned-medical-supply-company-quadruples-price-for-ventilators-and-masks/,3.57,3.86,3.715,,,,,,,,,,
f_president  says  ca  fires  made  worse  by  windmills.jpg,https://alternative-science.com/ca-windmills/,2.95,2.73,2.84,,,,,,,,,,
f_prominent  dem  arrested  charged  with  6  felonies.jpg,https://rightwingtribune.com/2020/10/01/prominent-dem-arrested/,2.98,3.13,3.055,,,,,,,,,,
f_redefine  mass  in  mass  shooting.png,http://www.unsourcednews.com/gop-only-way-to-reduce-mass-shootings-is-to-redefine-mass/,3.33,2.77,3.05,,,,,,,,,,
f_Republicans  move  voting  booth  to  mountain  top.png,http://www.unsourcednews.com/georgia-republicans-move-atlanta-voting-booth-to-icy-mountaintop/,2.5,1.94,2.22,,,,,,,,,,
f_Republicans  to  support  democratic  leader  chosen  on  the  basis  of  race.png,https://www.beyondtheechochamber.com/republicans-to-support-democratic-leader-being-chosen-based-on-race-instead-of-merit/,3.26,2.56,2.91,,,,,,,,,,
f_rnc  quietly  removes  supporting  american  democracy  from  platform.jpg,https://www.politicalgarbagechute.com/rnc-supporting-democracy/,3.3,3.3,3.3,,,,,,,,,,
f_Rupaul  touched  by  Trump.png,https://worldnewsdailyreport.com/rupaul-claims-trump-touched-him-inappropriately-in-the-1990s/,3.49,2.45,2.97,,,,,,,,,,
f_russian  hackers  insert  porn  pages  into  married  mans  browser  history.jpg,https://www.the-postillon.com/2017/08/russian-hackers.html,2.83,2.96,2.895,,,,,,,,,,
f_shocking  revelation  and  divorce  after  obama  admits  gay.jpg,https://empirenews.net/michelle-obama-files-for-divorce-after-shocking-revelation-barack-obama-admits-im-gay/,2.11,2.19,2.15,,,,,,,,,,
f_soros  arrested  in  philadelphia  election  interference.jpg,https://yournewswire.com/george-soros-arrested-in-philadelphia-for-election-interference-judge-orders-media-blackout/?fbclid=IwAR3OHFvphOWzPLM-zhGypmkA4qsRmj34NWZB_fYCj1CFki2aEbJiETNB1ro,3.87,3.32,3.595,,,,,,,,,,
f_Taylor  Swift  humiliates  fan  for  wearing  Trump  shirt.png,https://dailyworldupdate.us/swiftboated/,3.35,3.8,3.575,,,,,,,,,,
f_thetruedefender-9 -women-lose-unborn.png,https://thetruedefender.com/920-women-lose-their-unborn-babies-after-getting-vaccinated/,2.75,3.62,3.185,,,,,,,,,,
f_torontotoday-putins-daughter-dies.png,https://www.torontotoday.net/2020/08/15/vladimir-putins-daughter-dies-after-second-dose-of-covid-vaccine/,2.93,2.7,2.815,,,,,,,,,,
f_Trump  adding  Gambini  to  legal  team.png,https://thedailynooze.com/2018/03/22/trump-looking-to-add-vincent-gambini-to-legal-team/,3.4,2.71,3.055,,,,,,,,,,
f_trump  claims  pfizer  and  moderna  had  never  even  heard  of  vaccines.jpg,https://www.notreally.news/trump-pfizer-moderna/,2.93,3.12,3.025,,,,,,,,,,
f_Trump  does  not  know  Junior.png,https://thedailynooze.com/2018/08/02/donald-trump-claims-he-hardly-knows-donald-trump-junior/,2.95,2.02,2.485,,,,,,,,,,
f_Trump  library  in  Moscow.png,https://thedailynooze.com/2019/10/01/breaking-news-trump-presidential-library-to-be-located-in-moscow/,2.89,1.84,2.365,,,,,,,,,,
f_Trump  misremembers  Pearl  Harbour  attackers.png,https://thedailynooze.com/2020/12/13/trump-vows-to-fight-on-was-it-over-when-the-germans-bombed-pearl-harbor/,3.28,3.56,3.42,,,,,,,,,,
f_Trump  orders  people  to  stop  eating  Chinese  food.png,https://www.dailykos.com/stories/2019/8/24/1881141/-Trump-Orders-Americans-To-Stop-Eating-Chinese-Food,2.93,2.14,2.535,,,,,,,,,,
f_trump  proposes  one  child  law  for  hispanics.jpg,http://now8news.com/donald-trump-proposes-one-child-law-for-hispanics/,2.82,2.44,2.63,,,,,,,,,,
f_Trump  sue  founding  fathers.png,https://thedailynooze.com/2019/10/22/trump-threatens-to-sue-founding-fathers/,2.71,2.34,2.525,,,,,,,,,,
f_trump  tells  supreme  court  he  really  wanted  to  be  president.jpg,https://www.notreally.news/trump-supreme-court-election/,4.02,3.96,3.99,,,,,,,,,,
f_Trump  turns  to  religion.png,https://thedailynooze.com/2019/10/15/trump-turns-to-religion-to-get-through-troubled-times/,2.92,3.7,3.31,,,,,,,,,,
f_trump  voter  wants  taco  bell  shut  down  for  being  too  mexican.jpg,https://www.alternativelyfacts.com/clem-taco-bell/,3.33,2.71,3.02,,,,,,,,,,
f_Trump  xmas  in  jail.png,https://www.flake.news/now/2020/12/09/trump-to-spend-christmas,2.44,2.1,2.27,,,,,,,,,,
f_trunews-quantum-dot-tattoos.jpg,https://www.trunews.com/stream/mark-of-the-beast-gates-wants-coronavirus-patients-implanted-with-quantum-dot-tattoos,2.71,2.52,2.615,,,,,,,,,,
f_Tucker  Carlson  forced  to  sell  tie  collection.png,https://thedailynooze.com/2020/06/14/staring-at-hard-times-tucker-carlson-may-be-forced-to-sell-bow-tie-collection/,2.7,2.43,2.565,,,,,,,,,,
f_vaccines-vaccinated-spread.png,https://www.vaccines.news/2018-11-14-proof-vaccinated-people-are-spreading-communicable-disease.html,2.55,3.07,2.81,,,,,,,,,,
f_vanguardngr-warning-facemask.jpeg,https://www.vanguardngr.com/2020/05/warning-prolonged-use-of-facemask-produces-hypoxia/,3.17,4.06,3.615,,,,,,,,,,
f_white  nationalists  granted  permit  for  mock  hanging  outside  afro  american  museum.jpg,http://now8news.com/white-nationalists-granted-permit-mock-hanging/,3.48,3.03,3.255,,,,,,,,,,
f_woman  sues  samsung  for  millions  after  cell  phone  gets  stuck.jpg,https://worldnewsdailyreport.com/woman-sues-samsung-for-1-8m-after-cell-phone-gets-stuck-inside-her-vagina/,2.53,2.43,2.48,,,,,,,,,,
t_    election  was  secure  per  Wisconsin  audit  results.png,https://thehill.com/homenews/state-watch/578075-wisconsin-audit-finds-its-elections-are-secure,4.18,3.43,3.805,https://thehill.com/homenews/state-watch/578075-wisconsin-audit-finds-its-elections-are-secure,69.0,1.0,0.0,0.2,0.0,0.0,0.8,0.73,1.0
t_3  Maryland  counties  plan  to  secede.png,https://www.nytimes.com/2021/10/22/us/politics/maryland-counties-west-virginia-request.html,2.87,3.83,3.35,https://www.nytimes.com/2021/10/22/us/politics/maryland-counties-west-virginia-request.html,65.0,1.0,0.0,0.4,1.0,1.0,0.8,0.78,0.18
t_40  percent  refugees  are  kids.png,https://www.cnn.com/2021/10/20/politics/afghan-children-at-us-bases/index.html,4.09,4.07,4.08,https://www.cnn.com/2021/10/20/politics/afghan-children-at-us-bases/index.html,58.0,0.75,0.0,0.4,1.0,1.0,0.5,0.66,0.7
t_Arizona  AG  asks  to  block  vax  mandate.png,https://thehill.com/homenews/state-watch/578058-arizona-attorney-general-asks-for-restraining-order-to-block-federal,4.0,4.52,4.26,https://thehill.com/homenews/state-watch/578058-arizona-attorney-general-asks-for-restraining-order-to-block-federal,53.0,0.0,0.0,0.0,0.0,0.0,0.8,0.7,1.0
t_Biden  administration  recognizes  link  between  climate  change  and  migration.png,https://www.foxnews.com/politics/biden-administration-recognizing-climate-change-migration-link,4.24,3.55,3.895,https://www.foxnews.com/politics/biden-administration-recognizing-climate-change-migration-link,63.0,0.5,0.0,0.2,1.0,1.0,0.5,0.67,1.0
t_Biden  appoints  a  republican.png,https://www.cnn.com/2021/10/26/politics/kim-wyman-election-security-announcement/index.html,3.82,3.23,3.525,https://www.cnn.com/2021/10/26/politics/kim-wyman-election-security-announcement/index.html,45.0,0.5,0.0,0.2,1.0,1.0,0.5,0.6,0.27
t_biden  backs  compensation  to  illegal  immigrants.png,https://www.foxnews.com/politics/biden-idea-payments-illegal-immigrants-backs-compensation,4.0,3.92,3.96,https://www.foxnews.com/politics/biden-idea-payments-illegal-immigrants-backs-compensation,60.0,0.5833333333333334,0.0,0.4,1.0,1.0,0.5,0.68,0.71
t_Biden  creates  climate  plan  B.png,https://www.nytimes.com/2021/10/22/climate/biden-climate-plan.html,4.2,4.02,4.11,https://www.nytimes.com/2021/10/22/climate/biden-climate-plan.html,79.0,1.0,0.0,0.6,1.0,1.0,0.8,0.81,0.81
t_Biden  defend  Taiwan.png,https://www.foxnews.com/politics/biden-pledges-to-protect-taiwan-if-china-attacks,4.18,3.86,4.02,https://www.foxnews.com/politics/biden-pledges-to-protect-taiwan-if-china-attacks,54.0,0.5625,0.0,0.4,1.0,1.0,0.5,0.45,0.57
t_Biden  embraces  Trump  policy.png,https://apnews.com/article/donald-trump-joe-biden-middle-east-africa-ab22eb240158bfeea2b92f3914e6f50d,3.47,2.62,3.045,https://apnews.com/article/donald-trump-joe-biden-middle-east-africa-ab22eb240158bfeea2b92f3914e6f50d,76.0,1.0,0.0,0.2,1.0,1.0,1.0,0.75,0.85
t_Biden  leaving  Americans  stranded  in  Afghanistan.png,https://www.foxnews.com/media/mcconnell-biden-withdrawal-leaving-15000-americans-stranded-out-in-the-country-at-mercy-of-taliban,3.6,4.42,4.01,,,,,,,,,,
t_Biden  more  getaways  than  Trump.png,https://www.cnn.com/2021/10/23/politics/joe-biden-weekends-away/index.html,3.6,4.31,3.955,https://www.cnn.com/2021/10/23/politics/joe-biden-weekends-away/index.html,59.0,0.5,0.0,0.2,1.0,1.0,0.5,0.66,1.0
t_biden  passes  trillion  dollar  infra  bill.png,https://www.usatoday.com/story/news/politics/2021/11/05/house-passes-bipartisan-infrastructure-bill/8580227002/,4.48,4.58,4.53,https://www.usatoday.com/story/news/politics/2021/11/05/house-passes-bipartisan-infrastructure-bill/8580227002/,75.0,1.0,0.0,0.2,1.0,1.0,0.8,0.76,1.0
t_Biden  poll  numbers  slide.png,https://www.foxnews.com/politics/biden-shaky-ground-democrats-poll-numbers-slide,3.65,4.51,4.08,https://www.foxnews.com/politics/biden-shaky-ground-democrats-poll-numbers-slide,68.0,0.6818181818181818,0.0,1.0,1.0,1.0,0.5,0.71,0.64
t_Biden  rule  might  lead  to  migrant  surge.png,https://www.foxnews.com/politics/gop-lawmakers-unconstitutional-biden-asylum-rule-fuel-migrant-surges-border,3.46,4.78,4.12,https://www.foxnews.com/politics/gop-lawmakers-unconstitutional-biden-asylum-rule-fuel-migrant-surges-border,62.0,0.2857142857142857,0.0,0.4,1.0,1.0,0.5,0.68,1.0
t_Biden  says  free  community  college  is  out  of  economic  package.png,https://www.cnn.com/2021/10/19/politics/biden-house-democrats-tuition-free-community-college/index.html,4.0,3.81,3.905,https://www.cnn.com/2021/10/19/politics/biden-house-democrats-tuition-free-community-college/index.html,51.0,0.5,0.0,0.2,0.0,0.0,0.5,0.65,0.73
t_biden  targets  oil  and  gas  industry.png,https://www.usatoday.com/story/news/politics/2021/11/02/biden-targets-forest-protection-methane-emissions-day-2-cop-26/6239713001/,3.89,3.98,3.935,https://www.usatoday.com/story/news/politics/2021/11/02/biden-targets-forest-protection-methane-emissions-day-2-cop-26/6239713001/,70.0,1.0,0.0,0.2,0.0,0.0,0.8,0.75,1.0
t_Biden  wants  to  open  US  consulate  in  Jerusalem.png,https://www.yahoo.com/now/biden-promised-reopen-jerusalem-consulate-083008361.html,3.65,3.48,3.565,https://www.yahoo.com/now/biden-promised-reopen-jerusalem-consulate-083008361.html,60.0,1.0,1.0,0.2,1.0,1.0,0.5,0.0,0.62
t_Biden  warns  of  US  economy  issues.png,https://www.theguardian.com/us-news/2021/oct/04/joe-biden-debt-limit-republicans-democrats,3.23,3.02,3.125,https://www.theguardian.com/us-news/2021/oct/04/joe-biden-debt-limit-republicans-democrats,78.0,1.0,0.0,0.6,1.0,1.0,0.8,0.81,0.66
t_Bidens  fitness  questioned  after  Afghanistan  issues.png,https://www.foxnews.com/politics/republican-senators-biden-fitness-afghanistan-debacle,4.04,4.95,4.495,,,,,,,,,,
t_bill  clinton  unwell  to  attend  colin  powells  funeral.png,https://www.independent.co.uk/news/world/americas/us-politics/bill-clinton-colin-powell-funeral-b1952523.html,4.13,4.32,4.225,https://www.independent.co.uk/news/world/americas/us-politics/bill-clinton-colin-powell-funeral-b1952523.html,74.0,1.0,0.0,0.2,1.0,1.0,0.8,0.76,0.66
t_border  patrol  makes  million  arrests  in   21.png,https://www.wsj.com/articles/border-patrol-makes-about-1-66-million-arrests-at-southern-border-in-2021-fiscal-year-11634932866,3.82,4.17,3.995,https://www.wsj.com/articles/border-patrol-makes-about-1-66-million-arrests-at-southern-border-in-2021-fiscal-year-11634932866,77.0,1.0,0.0,0.4,0.0,0.0,0.8,0.76,1.0
t_Boston  elects  first  woman  asian  american  mayor.png,https://apnews.com/article/election-2021-boston-mayor-f7a18efbbb6068ed947df4c2d75ec500,4.57,4.48,4.525,https://apnews.com/article/election-2021-boston-mayor-f7a18efbbb6068ed947df4c2d75ec500,59.0,0.0,0.0,0.0,1.0,1.0,1.0,0.47,1.0
t_centrist  Democrats  block  Biden's  agenda.png,https://www.theguardian.com/us-news/2021/oct/03/joe-manchin-kyrsten-sinema-democrats-biden,4.08,4.33,4.205,https://www.theguardian.com/us-news/2021/oct/03/joe-manchin-kyrsten-sinema-democrats-biden,81.0,1.0,0.0,1.0,1.0,1.0,0.8,0.82,0.8
t_Chicago  employees  challenge  vaccine  in  a  lawsuit.png,https://www.cnn.com/2021/10/22/us/chicago-lawsuit-vaccine-mandates/index.html,4.27,4.74,4.505,,,,,,,,,,
t_Colin  Powell  dies.png,https://www.cnn.com/2021/10/18/politics/colin-powell-dies/index.html,4.68,4.5,4.59,,,,,,,,,,
t_college  cost  up  but  not  pay.png,https://www.nbcwashington.com/news/business/money-report/college-costs-have-increased-by-169-since-1980-but-pay-for-young-workers-is-up-by-just-19-georgetown-report/2864624/,4.48,4.08,4.28,,,,,,,,,,
t_court  freezes  bidens  vax  rule.png,https://www.msn.com/en-us/news/politics/federal-court-freezes-biden-administrations-covid-19-vaccine-mandate-rule/vi-AAQp66i,4.27,4.63,4.45,,,,,,,,,,
t_covid  origins  unknown.png,https://www.nytimes.com/2021/10/29/us/politics/coronavirus-origin-intelligence-report.html,3.62,3.44,3.53,https://www.nytimes.com/2021/10/29/us/politics/coronavirus-origin-intelligence-report.html,71.0,1.0,0.0,0.2,1.0,1.0,0.8,0.78,0.65
t_Democrat  suggested  voter  fraud  and  no  one  called  him  on  it.png,https://www.cnn.com/2021/10/26/politics/terry-mcauliffe-voter-fraud-stacey-abrams/index.html,3.09,4.29,3.69,https://www.cnn.com/2021/10/26/politics/terry-mcauliffe-voter-fraud-stacey-abrams/index.html,54.0,0.875,0.5,0.6,1.0,1.0,0.5,0.64,0.06
t_Democrate  move  towards  billionaires  tax.png,https://www.nytimes.com/2021/10/22/us/politics/sinema-wealth-taxes.html,3.86,3.46,3.66,https://www.nytimes.com/2021/10/22/us/politics/sinema-wealth-taxes.html,77.0,1.0,0.0,0.2,1.0,1.0,0.8,0.79,0.84
t_democrats  accused  of  prioritizing  social  spending.png,https://thehill.com/policy/defense/budget-appropriations/579709-gop-senators-accuse-democrats-of-prioritizing-social,3.61,3.95,3.78,https://thehill.com/policy/defense/budget-appropriations/579709-gop-senators-accuse-democrats-of-prioritizing-social,69.0,1.0,0.0,0.2,0.0,0.0,0.8,0.75,1.0
t_democrats  blocking  Biden  agenda  represent  nations  poorest.png,https://www.theguardian.com/us-news/2021/oct/11/joe-manchin-henry-cuellar-reconciliation-bill-poverty,3.65,3.57,3.61,https://www.theguardian.com/us-news/2021/oct/11/joe-manchin-henry-cuellar-reconciliation-bill-poverty,74.0,1.0,1.0,1.0,1.0,1.0,0.8,0.0,0.56
t_democrats  fail  to  help  cannabis  industry.png,https://www.politico.com/news/2021/11/06/cannabis-industry-investours-sour-519742,3.06,3.77,3.415,https://www.politico.com/news/2021/11/06/cannabis-industry-investours-sour-519742,74.0,1.0,1.0,0.4,1.0,1.0,0.8,0.52,1.0
t_Dems  having  a  unity  problem.png,https://www.npr.org/2021/10/10/1044019366/democrats-are-having-a-unity-problem-thats-familiar-territory-for-them,4.09,4.33,4.21,https://www.npr.org/2021/10/10/1044019366/democrats-are-having-a-unity-problem-thats-familiar-territory-for-them,68.0,1.0,0.0,0.2,1.0,1.0,0.8,0.73,0.73
t_executive  order  to  alleviate  California  port  congestion.png,https://www.cnn.com/2021/10/20/economy/california-port-supply-chain/index.html,4.36,4.05,4.205,https://www.cnn.com/2021/10/20/economy/california-port-supply-chain/index.html,59.0,0.5,0.0,0.2,1.0,1.0,0.5,0.64,1.0
t_facebook  to  settle  discrimination  claims.png,https://www.cnn.com/2021/10/19/politics/facebook-justice-settlement/index.html,3.93,3.79,3.86,https://www.cnn.com/2021/10/19/politics/facebook-justice-settlement/index.html,45.0,0.0,0.0,0.0,1.0,1.0,0.5,0.67,0.56
t_first  X  gender  passport  in  USA.png,https://www.nbcnews.com/nbc-out/out-politics-and-policy/united-states-issues-its-1st-passport-x-gender-marker-n1282486,4.03,4.36,4.195,https://www.nbcnews.com/nbc-out/out-politics-and-policy/united-states-issues-its-1st-passport-x-gender-marker-n1282486,87.0,1.0,0.5,0.8,1.0,1.0,0.8,0.83,1.0
t_fossil  fuel  industry  has  largest  delegation  at  climate  summit.png,https://www.bbc.com/news/science-environment-59199484,3.93,3.4,3.665,https://www.bbc.com/news/science-environment-59199484,86.0,1.0,0.5,0.6,1.0,1.0,1.0,0.82,1.0
t_Gaetz  cannot  practice  law  in  Florida  now.png,https://www.nydailynews.com/news/politics/us-elections-government/ny-us-florida-rep-mat-gaetz-can-no-longer-practice-law-due-to-delinquent-fees-20211022-q24c7tkqajcghl5ny455o4beei-story.html,4.63,3.7,4.165,,,,,,,,,,
t_Gates  foundation  money  for  COVID  pills  to  poor  countries.png,https://www.nytimes.com/2021/10/20/health/covid-molnupiravir-gates-foundation.html,4.13,4.32,4.225,https://www.nytimes.com/2021/10/20/health/covid-molnupiravir-gates-foundation.html,73.0,1.0,0.0,0.2,1.0,1.0,0.8,0.75,1.0
t_Germany  named  best  country  in  the  world.png,https://www.msn.com/en-gb/travel/news/germany-named-best-country-in-world-for-fifth-year-running-in-survey/ar-AAQkeBZ,3.67,3.02,3.345,,,,,,,,,,
t_GOP  calls  for  Fauci  resignation.png,https://www.foxnews.com/politics/gop-calls-fauci-investigation-resignation-mount-after-nih-admits-funding-gain-of-function-research,3.19,4.19,3.69,,,,,,,,,,
t_gun  control  advocate  dies.png,https://www.nytimes.com/2021/11/06/us/mark-glaze-influential-gun-control-advocate-dies-at-51.html,4.28,4.0,4.14,https://www.nytimes.com/2021/11/06/us/mark-glaze-influential-gun-control-advocate-dies-at-51.html,74.0,1.0,0.0,0.2,1.0,1.0,0.8,0.79,1.0
t_haley  calls  for  cognitive  test  for  older  politicians.png,https://thehill.com/homenews/media/580156-nikki-haley-calls-for-a-cognitive-test-for-older-politicians,3.61,4.0,3.805,https://thehill.com/homenews/media/580156-nikki-haley-calls-for-a-cognitive-test-for-older-politicians,67.0,1.0,0.0,0.2,1.0,1.0,0.8,0.75,0.65
t_Judge  to  hear  Trumps  case  against  Jan  6  committee.png,https://thehill.com/regulation/578082-judge-to-hear-trumps-case-against-jan-6-committee-in-november,4.57,3.83,4.2,,,,,,,,,,
t_justice  dept  sues  Texas  over  voting  law.png,https://usa.inquirer.net/86531/us-justice-department-sues-texas-over-state-voting-law,3.65,4.14,3.895,https://usa.inquirer.net/86531/us-justice-department-sues-texas-over-state-voting-law,59.0,1.0,0.0,0.2,1.0,1.0,0.8,0.0,0.51
t_Kamala  engages  with  heckler.png,https://thehill.com/homenews/administration/578061-kamala-harris-engages-with-heckler-during-new-york-speech,4.27,4.35,4.31,,,,,,,,,,
t_Levine  transgender  officer.png,https://www.usatoday.com/story/news/health/2021/10/19/rachel-levine-sworn-first-openly-transgender-4-star-officer/8472289002/,4.25,4.3,4.275,https://www.usatoday.com/story/news/health/2021/10/19/rachel-levine-sworn-first-openly-transgender-4-star-officer/8472289002/,65.0,1.0,0.0,0.4,0.0,0.0,0.8,0.5,1.0
t_Maine  passes  right  to  food.png,https://thehill.com/regulation/legislation/579819-maine-voters-pass-first-right-to-food-amendment-in-us,3.64,3.91,3.775,https://thehill.com/regulation/legislation/579819-maine-voters-pass-first-right-to-food-amendment-in-us,76.0,1.0,1.0,0.2,1.0,1.0,0.8,0.76,1.0
t_marjories  taylor  fines  for  not  wearing  masks.png,https://www.usatoday.com/story/news/politics/2021/11/03/georgia-marjorie-taylor-greene-fined-not-wearing-mask/6266741001/,4.31,4.02,4.165,https://www.usatoday.com/story/news/politics/2021/11/03/georgia-marjorie-taylor-greene-fined-not-wearing-mask/6266741001/,78.0,0.9166666666666666,0.5,1.0,0.0,0.0,0.8,0.75,1.0
t_migrant  caravan  headed  to  US  border.png,https://www.foxnews.com/politics/migrant-caravan-travels-mexico-towards-us-border-tell-biden,3.69,4.5,4.095,,,,,,,,,,
t_military  jury  disgusted  by  cia  torture.png,https://www.nytimes.com/2021/11/06/us/politics/military-jury-cia-torture.html,3.55,4.02,3.785,https://www.nytimes.com/2021/11/06/us/politics/military-jury-cia-torture.html,66.0,1.0,0.0,0.2,1.0,1.0,0.8,0.77,0.45
t_most  republicans  say  climate  change  not  emergency.png,https://news.yahoo.com/poll-more-than-two-thirds-of-republicans-say-climate-change-is-not-an-emergency-185118987.html,4.39,3.8,4.095,https://news.yahoo.com/poll-more-than-two-thirds-of-republicans-say-climate-change-is-not-an-emergency-185118987.html,50.0,0.0,1.0,0.2,1.0,1.0,0.5,0.48,1.0
t_NYC  vaccine  mandate.png,https://www.nytimes.com/2021/10/20/nyregion/nyc-vaccine-mandate.html,4.69,4.22,4.455,https://www.nytimes.com/2021/10/20/nyregion/nyc-vaccine-mandate.html,78.0,0.9615384615384616,0.0,1.0,1.0,1.0,0.8,0.56,0.83
t_Obama  denounces  Trump  GOP  for  hostility  towards  climate  science.png,https://www.nbcnews.com/politics/politics-news/obama-denounces-trump-gop-active-hostility-toward-climate-science-cop26-n1283473,4.0,4.09,4.045,https://www.nbcnews.com/politics/politics-news/obama-denounces-trump-gop-active-hostility-toward-climate-science-cop26-n1283473,76.0,1.0,0.0,0.2,1.0,1.0,0.8,0.78,1.0
t_Omar  says  Democrats  not  nixing  filibuster  are  killing  democracy.png,https://www.foxnews.com/politics/omar-senate-democrats-killing-democracy-filibuster,3.73,4.3,4.015,,,,,,,,,,
t_Pelosi  delays  bill  in  defeat  for  democrats.png,https://www.theguardian.com/us-news/2021/sep/30/biden-nancy-pelosi-infrastructure-bill,3.92,3.77,3.845,https://www.theguardian.com/us-news/2021/sep/30/biden-nancy-pelosi-infrastructure-bill,74.0,1.0,0.0,0.2,1.0,1.0,0.8,0.8,0.84
t_pence  defied  trump  out  of  duty.png,https://www.usatoday.com/story/news/politics/2021/11/02/mike-pence-reasons-defying-trump/6257800001/,3.77,4.0,3.885,https://www.usatoday.com/story/news/politics/2021/11/02/mike-pence-reasons-defying-trump/6257800001/,78.0,1.0,1.0,0.2,1.0,1.0,0.8,0.74,1.0
t_pennState  blasted  for  antiracism  in  job  desc.png,https://www.foxnews.com/us/pennsylvania-college-asks-architecture-professor-applicants-to-show-committment-to-anti-racism,3.65,3.61,3.63,,,,,,,,,,
t_politico  calls  out  Biden  for  not  doing  interviews.png,https://www.foxnews.com/media/politico-calls-out-biden-not-doing-interviews,3.47,4.22,3.845,,,,,,,,,,
t_pope  called  biden  a  good  catholic.png,https://www.usatoday.com/story/news/politics/2021/10/29/joe-biden-pope-francis-meet-vatican/8575171002/,4.34,3.74,4.04,https://www.usatoday.com/story/news/politics/2021/10/29/joe-biden-pope-francis-meet-vatican/8575171002/,58.0,1.0,0.0,0.2,0.0,0.0,0.8,0.5,0.62
t_record  southern  border  arrests  in  USA.png,https://www.cnn.com/2021/10/22/politics/us-border-patrol-record-arrests-2020/index.html,3.86,4.6,4.23,https://www.cnn.com/2021/10/22/politics/us-border-patrol-record-arrests-2020/index.html,59.0,0.5,0.0,0.2,1.0,1.0,0.5,0.65,1.0
t_registered  republicans  overtake  dems  in  florida.png,https://www.google.com/url?sa=t&rct=j&q=&esrc=s&source=web&cd=&ved=2ahUKEwi3mb_C9cr1AhUal4kEHd4aC1UQFnoECBAQAQ&url=https%3A%2F%2Fwww.miamiherald.com%2Fnews%2Fpolitics-government%2Fstate-politics%2Farticle255575861.html&usg=AOvVaw0H0skVBclPjZBHSD7H4jT4,3.9,4.6,4.25,,,,,,,,,,
t_republicans  break  filibuster.png,https://www.cnn.com/2021/10/07/politics/republican-debt-ceiling-filibuster-list/index.html,3.64,4.18,3.91,,,,,,,,,,
t_republicans  embrace  Trump  not  pay  debts.png,https://www.nbcnews.com/politics/politics-news/latest-fight-republicans-embrace-trump-ethos-don-t-pay-debts-n1280834,3.48,2.14,2.81,https://www.nbcnews.com/politics/politics-news/latest-fight-republicans-embrace-trump-ethos-don-t-pay-debts-n1280834,81.0,1.0,0.5,0.8,1.0,1.0,0.8,0.79,1.0
t_republicans  voted  for  Biden's  bill.png,https://www.yahoo.com/news/13-house-republicans-defied-kevin-040103671.html,3.83,4.44,4.135,https://www.yahoo.com/news/13-house-republicans-defied-kevin-040103671.html,72.0,0.9166666666666666,1.0,0.6,0.0,0.0,0.5,0.76,1.0
t_SC  justices  skeptical  of  Texas  abortion  law.png,https://www.usatoday.com/story/news/politics/2021/11/01/supreme-court-weighs-texas-ban-abortions-after-six-weeks/8568006002/,3.98,4.38,4.18,https://www.usatoday.com/story/news/politics/2021/11/01/supreme-court-weighs-texas-ban-abortions-after-six-weeks/8568006002/,74.0,1.0,0.0,0.2,0.0,0.0,0.8,0.76,1.0
t_SC  takes  case  on  whether  officers  can  be  sued  for  excess  force.png,https://www.usatoday.com/story/news/politics/2021/11/05/excessive-force-supreme-court-takes-case-suing-federal-officers/6278893001/,4.07,4.03,4.05,https://www.usatoday.com/story/news/politics/2021/11/05/excessive-force-supreme-court-takes-case-suing-federal-officers/6278893001/,64.0,1.0,0.0,0.2,0.0,0.0,0.8,0.71,0.7
t_service  members  refuse  covid  shot.png,https://www.nbcnews.com/news/military/about-12-000-members-air-force-space-force-not-vaccinated-n1282872,3.98,4.44,4.21,https://www.nbcnews.com/news/military/about-12-000-members-air-force-space-force-not-vaccinated-n1282872,73.0,1.0,0.0,0.2,0.0,0.0,0.8,0.79,1.0
t_Sinema  earns  republican  respect.png,https://www.ft.com/content/6e0b6e85-30e1-46a4-b380-29c9eba66bff,4.28,3.79,4.035,https://www.ft.com/content/6e0b6e85-30e1-46a4-b380-29c9eba66bff,63.0,1.0,0.0,0.2,1.0,1.0,0.8,0.45,0.66
t_states  sue  Biden  for  stopping  border  wall.png,https://www.cnn.com/2021/10/21/politics/texas-missouri-lawsuit-biden-admin/index.html,3.79,4.43,4.11,https://www.cnn.com/2021/10/21/politics/texas-missouri-lawsuit-biden-admin/index.html,58.0,0.5,0.0,0.2,1.0,1.0,0.5,0.65,1.0
t_students  mental  health  plan.png,https://www.cnn.com/2021/10/19/politics/biden-administration-students-mental-health/index.html,4.17,3.6,3.885,https://www.cnn.com/2021/10/19/politics/biden-administration-students-mental-health/index.html,59.0,0.5,0.0,0.2,1.0,1.0,0.5,0.68,1.0
t_taxpayers  pay  for  Blasios  trip.png,https://nypost.com/2021/11/06/taxpayers-foot-bill-for-de-blasios-trip-to-somos-in-puerto-rico/,3.91,3.85,3.88,https://nypost.com/2021/11/06/taxpayers-foot-bill-for-de-blasios-trip-to-somos-in-puerto-rico/,58.0,0.5,0.0,0.4,0.0,0.0,0.5,0.62,1.0
t_teachers  sue  over  Oklahomas  ban  on  CRT.png,https://www.npr.org/2021/10/20/1047519861/aclu-sues-over-oklahoma-law-on-critical-race-theory,4.17,3.68,3.925,https://www.npr.org/2021/10/20/1047519861/aclu-sues-over-oklahoma-law-on-critical-race-theory,81.0,0.8333333333333334,1.0,0.8,1.0,1.0,0.8,0.79,0.83
t_Texas  abortion  ban  upheld  by  federal  appeals  court.png,https://abcnews.go.com/Politics/video/texas-abortion-ban-upheld-federal-appeals-court-80598792,4.4,4.46,4.43,,,,,,,,,,
t_Texas  congressional  maps.png,https://www.cnn.com/2021/10/20/politics/texas-redistricting-senate-voting-rights/index.html?cid=external-feeds_iluminar_newsbreak,3.98,4.14,4.06,https://www.cnn.com/2021/10/20/politics/texas-redistricting-senate-voting-rights/index.html?cid=external-feeds_iluminar_newsbreak,63.0,0.75,0.0,0.6,1.0,1.0,0.5,0.65,0.84
t_truckers  exempt  from  Bidens  vax  mandate.png,https://news.yahoo.com/trucking-industry-hails-huge-victory-151814639.html,3.59,3.37,3.48,https://news.yahoo.com/trucking-industry-hails-huge-victory-151814639.html,70.0,0.7307692307692307,0.5,1.0,1.0,1.0,0.5,0.48,1.0
t_trump  allies  discuss  election  fraud  claims.png,https://www.cnn.com/2021/11/04/politics/rudy-giuliani-sidney-powell-deposition-tapes/index.html,4.11,3.72,3.915,https://www.cnn.com/2021/11/04/politics/rudy-giuliani-sidney-powell-deposition-tapes/index.html,43.0,0.5,0.0,0.2,1.0,1.0,0.5,0.66,0.06
t_trump  beats  biden  in  latest   24  poll.png,https://www.newsweek.com/donald-trump-beats-joe-biden-latest-2024-election-poll-1646713,3.1,3.67,3.385,https://www.newsweek.com/donald-trump-beats-joe-biden-latest-2024-election-poll-1646713,65.0,0.5,0.0,0.4,1.0,1.0,0.5,0.68,1.0
t_Trump  did  not  intend  to  attack  Chinese.png,https://www.theguardian.com/us-news/live/2021/sep/28/general-mark-milley-senate-hearing-trump-us-politics-live,3.92,3.78,3.85,,,,,,,,,,
t_trump  russia  dosier  analyst  charged  with  lying.png,https://apnews.com/article/europe-russia-arrests-john-durham-9d2344081036235309346ad95b14a8bc,4.11,3.62,3.865,,,,,,,,,,
t_Trump  urges  investigation  t  slow  down.png,https://www.politico.com/news/2021/11/02/trump-executive-privilege-jan6-518637,4.76,4.38,4.57,https://www.politico.com/news/2021/11/02/trump-executive-privilege-jan6-518637,73.0,1.0,0.0,0.4,1.0,1.0,0.8,0.72,0.84
t_Trump  wins  Ohio  primary.png,https://www.foxnews.com/politics/trump-winner-progressives-losers-ohio-primaries,3.31,4.41,3.86,https://www.foxnews.com/politics/trump-winner-progressives-losers-ohio-primaries,65.0,0.5,0.0,0.4,1.0,1.0,0.5,0.68,1.0
t_truth  social  network  by  Trump.png,https://www.foxnews.com/politics/trump-announces-truth-social-network-will-be-rolled-out-nationwide-in-first-quarter-of-2022,3.65,4.36,4.005,,,,,,,,,,
t_US  ambassador  backs  security  assistance  to  Taiwan.png,https://www.cnn.com/2021/10/20/politics/nicholas-burns-confirmation-hearing/index.html,4.11,3.62,3.865,https://www.cnn.com/2021/10/20/politics/nicholas-burns-confirmation-hearing/index.html,59.0,0.625,0.0,0.4,1.0,1.0,0.5,0.64,0.83
t_US  deficit  2nd  largest.png,https://www.foxbusiness.com/economy/us-federal-budget-deficit-2-8t-second-largest,4.2,4.78,4.49,,,,,,,,,,
t_US  kills  senior  al  Qaeda  leader  in  Syria  airstrike.png,https://www.cnn.com/2021/10/22/politics/us-kills-al-qaeda-leader-syria-airstrike/index.html,4.31,3.67,3.99,,,,,,,,,,
t_US  to  use  Pak  airspace  for  military  operations.png,https://www.cnn.com/2021/10/22/politics/us-pakistan-afghanistan-airspace/index.html,3.42,3.51,3.465,https://www.cnn.com/2021/10/22/politics/us-pakistan-afghanistan-airspace/index.html,45.0,0.5,0.0,0.2,1.0,1.0,0.5,0.4,0.62
t_USA  rejoins  UNHRC.png,https://www.cnn.com/2021/10/14/politics/us-united-nations-human-rights-council/index.html,4.27,4.09,4.18,https://www.cnn.com/2021/10/14/politics/us-united-nations-human-rights-council/index.html,45.0,0.5,0.0,0.2,1.0,1.0,0.5,0.66,0.19
t_vaccinated  senators  positive  for  covid.png,https://www.foxnews.com/politics/vaccinated-senators-test-positive-covid-19,4.54,4.35,4.445,,,,,,,,,,
t_Virginia  governor  will  welcome  Maryland  counties.png,https://www.cnn.com/2021/10/22/politics/west-virginia-jim-justice-maryland-counties/index.html,3.54,3.15,3.345,https://www.cnn.com/2021/10/22/politics/west-virginia-jim-justice-maryland-counties/index.html,57.0,0.5,0.0,0.2,1.0,1.0,0.5,0.65,1.0
t_Walmart  donated  to  Texas  governor.png,https://www.cnbc.com/2021/10/19/walmart-donated-to-texas-gov-greg-abbott-as-he-fought-biden-vaccine-mandate.html,3.94,3.56,3.75,https://www.cnbc.com/2021/10/19/walmart-donated-to-texas-gov-greg-abbott-as-he-fought-biden-vaccine-mandate.html,82.0,1.0,0.0,0.6,1.0,1.0,0.8,0.81,1.0
t_Warren  private  equity  crackdown.png,https://www.cnbc.com/2021/10/20/top-democrats-revive-legislation-to-crack-down-on-private-equity-buyouts.html,3.68,3.54,3.61,https://www.cnbc.com/2021/10/20/top-democrats-revive-legislation-to-crack-down-on-private-equity-buyouts.html,79.0,1.0,0.0,0.4,1.0,1.0,0.8,0.78,1.0
t_Washington  workers  refuse  COVID  vaccine.png,https://www.usatoday.com/story/news/nation/2021/10/20/washington-state-loses-1-800-workers-amid-covid-vaccine-mandate/8536411002/,4.23,4.26,4.245,https://www.usatoday.com/story/news/nation/2021/10/20/washington-state-loses-1-800-workers-amid-covid-vaccine-mandate/8536411002/,68.0,1.0,0.5,0.6,1.0,1.0,0.8,0.5,0.67
t_white  house  plan  for  vaccinating  kids.png,https://www.cbsnews.com/news/covid-19-vaccine-28-million-children-white-house-plan/,4.85,4.62,4.735,https://www.cbsnews.com/news/covid-19-vaccine-28-million-children-white-house-plan/,65.0,1.0,0.0,0.2,1.0,1.0,0.8,0.0,1.0
t_white  male  minority  rule  in  US  politics.png,https://www.theguardian.com/us-news/2021/may/26/white-male-minority-rule-us-politics-research,3.77,3.1,3.435,https://www.theguardian.com/us-news/2021/may/26/white-male-minority-rule-us-politics-research,82.0,1.0,0.5,1.0,1.0,1.0,0.8,0.84,0.75
t_youngkin  got  boost  from  blasting  crt.png,https://news.yahoo.com/youngkins-pushback-against-critical-race-090045732.html,4.22,4.21,4.215,https://news.yahoo.com/youngkins-pushback-against-critical-race-090045732.html,74.0,1.0,1.0,1.0,1.0,1.0,0.5,0.73,0.5
t_youngkins  underage  son  tried  to  vote  twice.png,https://www.nbcnews.com/politics/politics-news/gov-elect-youngkin-s-underage-son-tried-vote-twice-virginia-n1283376,3.95,3.13,3.54,https://www.nbcnews.com/politics/politics-news/gov-elect-youngkin-s-underage-son-tried-vote-twice-virginia-n1283376,83.0,1.0,0.0,0.8,1.0,1.0,0.8,0.79,1.0
t_Zuckerberg  testify  Instagram  impact  on  kids.png,https://www.cnbc.com/2021/10/20/sen-blumenthal-asks-zuckerberg-to-testify-about-instagrams-impact-on-kids.html,4.02,4.0,4.01,https://www.cnbc.com/2021/10/20/sen-blumenthal-asks-zuckerberg-to-testify-about-instagrams-impact-on-kids.html,81.0,1.0,0.0,0.6,1.0,1.0,0.8,0.82,1.0
